age,education-num,hours-per-week,income_high
28,10,40,0
53,10,40,0
39,10,75,0
44,13,40,0
50,6,50,0
18,10,40,0
70,9,4,0
17,8,25,0
53,9,35,0
20,10,40,0
37,10,40,0
29,9,40,0
30,13,40,1
32,10,40,0
25,12,45,0
27,9,40,0
18,6,20,0
17,8,6,0
22,10,20,0
55,9,40,0
25,13,40,0
19,10,40,0
26,10,40,0
32,9,35,0
36,10,25,0
19,9,25,0
52,9,40,0
26,9,50,0
25,9,40,0
25,10,40,0
21,12,5,0
22,13,40,0
21,12,40,0
53,9,38,0
28,9,40,0
27,14,46,0
44,14,40,0
30,10,40,0
22,6,40,0
20,9,40,0
35,9,25,0
32,8,40,0
30,11,35,0
34,13,35,0
42,13,40,0
28,16,40,0
24,11,35,0
74,9,14,0
44,10,60,0
31,10,38,0
33,9,40,0
67,9,24,0
32,9,40,0
60,9,40,0
41,13,30,1
35,14,32,0
46,10,40,0
22,10,40,0
24,10,60,0
32,14,45,1
21,10,27,0
18,9,25,0
59,9,40,0
21,10,40,0
38,13,28,1
18,9,25,0
37,9,60,0
19,8,20,0
18,8,32,0
20,10,40,0
23,10,24,0
20,9,30,0
33,10,35,0
21,12,10,0
72,4,20,0
83,9,20,0
25,9,30,0
42,9,40,0
25,9,40,0
46,5,40,0
45,11,45,0
46,10,30,0
47,10,35,0
67,9,35,0
33,9,40,0
25,9,40,0
49,9,35,0
39,7,40,0
17,7,15,0
36,9,40,1
66,9,8,0
28,9,40,0
32,9,40,0
24,9,45,0
58,10,40,0
23,9,35,0
41,11,45,0
25,13,40,0
19,9,30,0
61,9,36,0
44,9,38,0
64,9,40,0
33,10,40,0
24,10,40,0
36,10,40,0
39,9,50,0
36,10,35,0
65,10,40,0
40,10,48,0
25,10,22,0
43,10,40,0
36,10,40,0
33,12,42,0
26,10,40,0
18,10,25,0
30,13,40,1
50,16,60,1
19,10,25,0
24,12,40,0
28,13,40,1
43,10,40,0
23,9,40,0
26,11,40,0
27,9,40,0
29,9,44,0
31,11,40,0
37,13,40,0
38,13,8,0
25,12,40,0
24,10,17,0
21,9,40,0
55,9,30,0
40,10,44,0
23,9,40,0
18,8,25,0
22,9,40,0
39,9,40,0
48,9,50,0
26,7,65,0
28,9,37,0
26,13,20,0
19,10,20,0
48,10,43,0
50,10,40,0
26,6,40,0
44,10,40,0
23,12,40,0
36,9,40,0
55,9,40,0
26,14,48,0
20,10,24,0
43,9,35,0
24,10,45,0
41,10,55,0
34,13,25,0
19,9,12,0
24,10,40,0
53,10,24,0
44,9,40,0
20,7,50,0
33,10,45,0
39,10,56,0
51,13,40,0
28,10,50,0
18,9,20,0
31,9,45,0
21,10,40,0
30,12,40,0
34,13,40,0
76,3,40,0
27,14,40,0
44,10,40,0
27,9,40,0
25,9,8,0
30,13,40,0
43,10,55,1
70,9,5,0
23,10,20,0
29,9,45,0
45,13,55,0
46,9,40,1
21,10,40,0
49,9,20,0
49,14,50,0
42,9,40,0
72,9,16,0
58,6,40,0
33,10,50,0
26,14,40,0
34,14,40,0
26,10,40,0
40,12,40,0
27,15,45,0
26,10,65,0
43,16,50,1
61,10,40,0
19,9,20,0
22,10,3,0
45,9,40,0
26,11,36,0
55,5,23,0
25,10,40,0
23,13,16,0
17,7,20,0
24,13,40,0
28,10,30,0
23,13,40,0
45,10,40,0
62,9,15,0
51,9,40,0
23,9,40,0
47,10,33,0
59,9,35,0
33,9,46,1
55,10,40,0
23,7,35,0
31,16,90,0
22,11,30,0
29,11,40,0
42,14,20,1
47,9,40,1
20,9,40,0
49,9,32,0
39,9,40,0
18,10,30,0
44,13,32,0
48,10,20,0
40,9,40,0
30,9,40,0
21,10,40,0
30,13,40,0
53,10,60,0
48,11,40,0
18,9,40,0
25,13,40,0
59,9,50,0
45,14,15,0
19,10,15,0
56,10,50,0
20,10,35,0
47,10,40,0
20,10,35,0
25,13,40,0
24,13,40,0
32,9,40,0
20,10,40,0
36,13,17,0
38,9,60,1
23,13,25,0
28,13,35,0
26,13,40,0
66,9,18,0
58,9,40,0
20,10,40,0
55,9,40,0
19,10,40,0
40,9,35,1
45,10,45,0
25,10,19,0
24,9,30,0
20,10,40,0
74,10,9,0
18,7,25,0
38,12,40,0
55,9,40,0
25,6,25,0
21,10,35,0
79,16,40,0
38,9,35,0
34,11,40,0
51,14,30,1
21,10,38,0
35,9,40,0
42,10,55,0
32,10,40,0
63,9,40,0
62,9,25,0
42,12,40,0
32,13,50,0
49,14,75,0
26,7,15,0
29,9,30,0
28,13,5,0
24,14,40,0
41,9,50,0
46,13,40,0
18,7,20,0
34,12,25,1
42,13,40,0
51,9,40,1
31,15,99,0
34,6,36,0
19,9,40,0
47,10,35,1
29,9,40,1
21,10,16,0
26,13,45,0
62,10,60,0
39,10,60,0
65,9,40,0
77,9,32,0
33,9,40,0
38,10,50,0
20,10,30,0
57,15,50,1
22,12,40,0
35,4,80,0
26,13,38,0
18,10,40,0
48,9,30,0
23,11,40,0
50,9,45,0
30,9,40,0
44,10,38,0
56,6,32,0
24,7,40,0
37,9,40,0
34,13,40,0
26,13,40,0
18,10,35,0
65,9,24,0
30,13,30,0
20,10,32,0
48,9,50,0
58,9,20,1
18,10,20,0
70,9,5,0
25,11,40,0
34,16,99,0
30,9,35,0
41,9,40,0
40,9,45,0
54,13,40,0
19,9,40,0
26,13,80,0
73,5,9,0
36,9,40,0
28,9,70,0
19,9,40,0
52,9,48,0
18,7,20,0
18,4,40,0
54,9,40,0
24,10,25,0
30,15,45,0
22,9,40,0
42,10,50,0
44,15,40,1
30,9,40,0
50,13,40,0
24,9,40,0
56,10,40,0
20,10,50,0
25,9,40,0
32,10,40,0
32,9,34,0
22,9,40,0
43,9,50,0
38,13,50,1
44,15,40,0
22,9,20,0
33,6,40,0
66,14,40,0
48,9,30,0
25,14,40,0
19,10,25,0
49,10,30,0
27,13,48,0
58,9,45,0
21,10,16,0
19,10,28,0
18,9,20,0
24,13,40,0
40,10,40,0
24,10,40,1
34,11,40,0
23,13,38,0
50,9,33,0
45,12,48,0
50,9,25,0
20,9,35,0
49,13,50,0
17,7,12,0
27,10,30,0
47,9,40,0
32,7,49,0
22,9,40,0
17,8,30,0
27,13,40,0
63,11,8,0
48,10,44,0
52,14,40,0
31,9,40,0
34,10,40,0
29,9,40,0
38,13,20,1
40,10,45,0
38,13,55,0
28,13,60,1
73,9,15,0
61,7,36,0
25,13,40,0
42,12,45,0
56,13,45,1
40,13,40,0
17,6,14,0
17,7,18,0
57,9,40,0
21,10,25,0
35,10,30,0
28,12,40,0
43,16,40,0
38,13,40,0
41,9,60,0
26,13,40,0
24,8,38,0
40,10,40,1
48,10,40,0
66,9,25,0
23,13,32,0
18,8,24,0
46,9,43,0
38,10,32,0
33,12,40,0
26,9,40,0
28,9,40,0
23,10,28,0
23,13,40,0
27,9,50,0
21,10,25,0
31,9,30,0
18,9,45,0
21,10,16,0
35,9,20,0
22,10,40,1
45,13,40,1
65,9,25,0
57,9,40,0
32,9,10,0
18,9,20,0
20,10,10,0
28,13,60,0
38,13,35,0
21,10,47,0
34,9,35,0
24,9,38,0
25,13,40,0
58,9,15,0
19,10,20,0
17,7,5,0
33,13,40,1
42,9,15,0
56,14,40,1
52,10,50,0
38,11,40,0
24,9,36,0
19,7,20,0
35,9,12,0
35,9,40,0
22,12,15,0
21,12,25,0
29,10,36,0
51,9,40,0
50,4,20,0
47,10,40,0
37,9,55,0
19,10,20,0
24,12,40,0
43,13,60,0
35,13,32,1
22,13,20,0
30,13,20,0
28,11,40,0
29,13,50,0
34,12,25,0
25,10,40,0
54,13,40,0
25,13,37,0
37,9,32,0
21,10,40,0
54,10,40,0
36,10,30,0
37,11,52,0
40,11,32,0
50,9,40,0
39,8,40,0
66,9,40,1
49,10,40,1
41,9,40,0
19,9,36,0
39,10,35,0
69,10,15,0
54,13,50,0
28,9,40,0
39,16,80,0
40,10,40,0
52,10,40,0
22,10,37,0
41,9,40,0
19,10,15,0
34,9,25,0
43,9,44,0
18,10,25,0
42,9,25,0
32,13,40,1
26,9,50,0
28,10,40,0
19,7,40,0
43,9,40,1
51,9,20,0
50,9,40,0
32,11,40,1
19,10,18,0
29,10,40,0
24,13,45,0
18,6,30,0
34,9,40,1
38,10,38,0
41,10,40,0
40,9,40,0
19,10,20,0
57,9,38,0
30,13,40,0
25,10,35,0
19,9,30,0
39,10,45,0
24,14,35,1
20,7,40,0
23,13,40,0
24,9,32,0
55,9,38,0
69,9,32,0
32,13,55,1
36,10,25,0
18,9,20,0
38,9,40,0
51,10,40,0
67,9,40,0
39,13,20,0
21,10,25,0
25,6,35,0
18,10,20,0
53,14,40,1
61,9,40,0
35,13,32,0
23,1,15,0
40,12,40,0
26,13,40,0
54,16,40,1
36,9,40,1
51,13,16,0
72,7,40,0
29,9,27,0
30,9,40,0
39,10,40,0
28,14,50,0
26,13,40,0
23,13,30,0
31,9,40,0
38,14,40,0
54,15,65,0
53,9,40,0
37,13,40,0
29,7,40,0
41,13,45,0
42,10,20,0
25,14,40,0
50,9,40,0
21,10,35,0
31,10,43,0
18,9,16,0
25,13,40,1
36,9,36,0
55,9,50,1
31,16,48,0
47,9,46,0
46,9,30,0
47,9,45,0
40,13,45,0
40,10,40,1
62,10,40,0
28,11,40,0
32,14,40,0
34,10,40,0
58,7,40,0
19,10,20,0
22,10,30,0
53,7,40,0
31,12,40,0
29,10,25,0
37,10,60,0
40,14,40,0
43,14,20,0
40,14,40,0
32,13,35,0
44,8,40,0
35,9,30,0
28,9,35,0
20,10,25,0
20,10,25,0
39,12,56,0
17,6,30,0
31,10,30,0
27,13,40,0
40,9,40,0
17,7,23,0
46,9,40,0
29,10,40,0
26,13,60,0
18,10,20,0
46,10,40,0
61,9,40,0
20,10,40,0
27,13,40,0
24,9,32,0
24,13,30,0
54,9,40,1
17,6,23,0
36,13,45,1
39,9,40,0
53,8,40,0
18,9,20,0
45,11,40,1
27,13,40,0
59,4,99,0
47,7,38,0
40,12,50,0
22,13,40,0
25,11,15,0
20,10,2,0
33,9,35,0
25,9,40,0
29,9,35,0
17,7,8,0
25,9,30,0
48,12,40,0
22,10,35,0
59,12,50,0
52,9,40,0
36,12,37,0
32,11,40,0
23,9,30,0
52,9,38,0
66,9,25,0
61,9,40,0
44,12,99,0
21,10,30,0
20,10,18,0
29,13,40,0
53,13,40,0
17,7,35,0
27,9,42,0
21,10,12,0
26,11,55,0
36,9,37,0
40,9,45,0
25,14,40,0
19,10,20,0
34,11,64,0
28,9,40,0
31,10,52,0
22,13,40,0
22,10,36,0
49,10,40,1
31,11,40,0
18,10,15,0
42,13,55,0
62,13,7,0
45,9,40,0
48,10,37,0
32,10,40,0
32,11,40,0
48,11,15,0
65,11,40,0
26,13,40,1
31,6,40,0
35,9,54,0
23,13,20,0
53,11,40,0
55,12,5,0
44,10,15,0
31,13,40,0
36,9,40,0
46,13,40,0
48,9,52,0
18,10,20,0
62,9,38,0
23,13,45,0
43,9,40,0
64,4,4,0
29,10,25,0
24,9,40,0
60,4,40,0
23,9,35,0
29,11,40,0
34,13,40,0
53,15,50,0
20,10,20,0
45,5,40,1
28,13,40,0
24,10,30,0
45,10,40,0
35,9,40,0
27,10,35,0
64,12,20,0
47,9,40,0
34,11,40,0
60,10,15,0
18,7,30,0
31,9,40,0
61,9,40,0
32,13,40,0
67,9,5,0
55,9,40,0
19,10,20,0
22,13,20,0
28,10,30,0
23,9,40,1
32,10,40,0
47,10,40,0
43,10,50,0
18,8,25,0
19,10,40,0
27,13,40,0
17,6,25,0
46,10,40,0
23,7,38,0
27,13,36,0
21,9,40,0
58,13,50,0
44,10,40,0
20,10,18,0
41,9,40,0
32,4,40,0
23,9,40,0
41,13,40,0
39,11,37,0
20,4,52,0
52,13,40,1
65,9,14,0
46,14,65,1
24,13,50,0
40,10,40,0
42,14,40,0
19,9,15,0
76,7,16,0
34,7,8,0
30,11,40,1
21,10,45,0
29,9,40,0
60,14,10,0
43,9,58,0
19,10,8,0
52,10,40,0
21,12,30,0
40,13,50,0
31,13,40,1
33,13,45,0
55,13,8,0
54,10,40,0
59,10,48,0
34,10,50,0
59,9,35,0
39,11,50,0
24,13,40,0
55,10,40,0
18,7,5,0
34,11,40,0
20,10,17,0
47,9,40,0
22,10,40,0
32,13,50,1
60,4,20,0
27,12,40,0
38,9,55,0
74,10,18,0
68,9,24,0
64,9,40,0
26,9,52,1
30,12,40,0
33,9,40,0
25,10,60,0
75,10,8,0
22,10,40,0
29,10,40,0
20,10,20,0
42,10,43,0
54,10,40,0
43,12,30,0
23,9,30,0
33,6,25,0
26,11,35,0
35,13,40,0
35,14,40,0
55,9,40,0
43,16,70,1
22,12,25,0
69,11,25,0
26,13,50,0
21,10,35,0
50,7,40,0
39,9,40,0
34,10,40,0
23,11,60,0
34,9,40,0
45,11,44,0
24,9,36,0
21,9,25,0
39,9,10,0
24,9,40,0
23,9,40,0
53,14,40,0
51,14,70,1
25,7,40,0
19,10,30,0
22,10,16,0
25,13,30,1
61,9,16,0
68,9,30,0
25,13,15,0
27,13,40,0
47,14,25,0
48,12,42,0
40,13,35,0
61,14,40,1
21,10,20,0
57,9,40,0
60,9,40,0
34,9,35,0
34,9,40,0
20,10,30,0
45,9,35,0
18,6,30,0
28,12,40,0
71,14,40,0
31,8,40,1
32,10,50,0
62,6,30,0
19,10,40,0
46,12,40,0
26,13,40,0
46,13,40,0
31,14,46,0
37,14,45,1
68,9,32,0
36,9,50,0
70,10,34,0
40,9,35,0
67,9,20,0
52,9,40,0
26,9,40,0
71,9,20,0
22,9,40,0
23,11,36,0
23,9,45,0
19,10,16,0
31,13,50,0
71,11,40,0
25,10,50,0
19,10,40,0
42,13,40,1
18,8,30,0
18,10,50,0
23,9,40,0
22,9,19,0
24,13,8,0
21,10,35,0
33,9,40,0
64,9,30,0
42,13,45,0
57,9,40,0
38,9,40,0
24,10,40,0
32,12,40,0
51,9,43,0
23,7,40,0
24,13,40,0
46,9,40,0
30,10,20,1
47,9,40,0
49,13,40,0
37,9,12,0
48,6,40,0
55,14,45,0
46,14,40,0
51,6,40,0
23,10,35,0
47,9,40,0
39,14,45,0
31,10,20,1
23,13,25,0
24,13,15,0
17,7,32,0
26,9,41,0
45,9,50,1
50,14,35,0
55,9,40,1
21,11,30,0
57,9,45,0
41,16,50,1
39,12,30,0
39,9,40,0
48,9,40,0
39,8,40,0
27,9,40,0
68,9,40,0
30,13,40,0
42,9,30,0
43,5,40,0
40,14,44,0
39,13,60,0
34,4,40,0
24,13,40,1
31,13,30,0
52,14,40,1
49,10,50,0
18,9,20,0
27,13,40,0
73,6,10,0
18,7,20,0
44,9,43,0
19,9,30,0
35,13,60,1
24,13,40,0
57,14,40,0
17,7,15,0
36,11,40,0
19,10,9,0
39,12,50,1
72,9,16,0
40,14,55,0
31,7,48,0
37,12,40,0
58,10,40,1
32,13,40,0
18,9,40,0
20,10,10,0
21,10,38,0
20,10,40,0
45,14,55,0
20,10,40,0
23,13,40,0
45,9,40,0
40,14,40,1
28,13,40,0
37,13,16,1
24,13,10,0
21,10,35,0
34,10,40,0
34,9,40,0
41,11,40,0
24,13,40,0
32,14,45,1
35,11,42,1
33,10,40,0
50,9,40,0
37,12,40,1
27,9,50,0
20,10,8,0
20,7,40,0
33,13,40,1
47,9,40,0
43,10,40,0
45,13,40,0
31,13,40,0
36,9,30,0
58,9,25,0
24,9,30,0
49,13,45,0
27,13,40,0
24,13,15,0
35,9,40,1
19,9,40,0
32,10,38,0
40,10,40,0
31,9,40,0
30,10,40,0
51,10,15,1
19,9,16,0
40,11,40,0
22,13,40,0
42,10,40,0
19,7,40,0
48,6,38,0
25,10,35,0
33,11,40,0
59,5,12,0
55,9,29,0
26,9,30,0
54,14,38,0
39,14,50,0
49,13,35,0
30,13,40,0
38,9,20,0
17,7,30,0
43,11,55,0
46,9,40,0
35,10,35,0
49,9,30,0
47,14,40,0
33,13,40,0
58,9,40,0
18,10,25,0
40,9,25,0
47,9,20,0
61,10,43,0
39,9,40,1
22,9,35,0
54,10,40,1
33,9,25,0
36,10,40,0
36,12,30,1
33,10,40,0
29,7,5,0
65,10,24,0
23,10,10,0
73,9,32,0
19,9,40,0
18,10,20,0
26,10,40,0
42,13,55,1
17,7,20,0
20,10,15,0
50,4,30,0
20,10,20,0
45,9,40,0
40,10,24,0
30,12,40,0
63,12,35,0
18,10,38,0
45,11,55,1
57,9,40,0
44,10,45,0
22,7,20,0
24,13,40,0
31,9,40,0
50,9,10,0
34,13,40,0
54,9,40,0
60,4,40,0
31,13,40,0
34,9,40,0
31,14,50,1
49,13,40,0
25,14,35,0
34,6,35,0
31,11,40,0
62,9,43,0
79,12,2,1
45,14,40,0
25,10,40,0
28,9,20,0
22,10,28,0
41,9,40,0
46,13,40,0
52,13,55,0
21,9,45,0
25,9,20,0
52,10,40,0
22,10,29,0
46,10,40,0
25,13,30,0
30,14,40,0
43,14,45,0
49,14,70,0
47,9,7,1
23,10,47,0
30,9,25,0
39,9,50,0
20,9,10,0
64,9,15,0
74,13,8,0
32,10,40,1
28,6,40,0
43,9,50,1
20,10,48,0
43,9,26,0
40,10,40,0
51,13,40,0
60,6,40,0
35,11,40,1
27,9,40,0
40,9,30,0
39,9,81,0
64,13,50,0
65,6,20,0
57,9,32,0
60,14,25,0
51,10,12,0
57,9,40,0
19,9,40,0
66,9,35,0
36,11,40,0
44,13,45,0
20,10,15,0
25,14,60,0
21,10,20,0
23,10,28,0
39,13,30,0
39,9,40,0
49,13,40,0
40,14,20,0
62,12,7,0
36,9,40,0
21,6,39,0
65,10,40,0
44,7,44,0
26,9,20,0
30,9,45,0
24,13,42,0
23,8,25,0
62,10,40,0
42,10,40,1
47,13,50,1
22,9,33,0
32,10,40,0
21,10,40,0
40,9,20,1
48,10,40,0
61,14,40,1
22,9,53,0
46,12,50,0
62,10,40,0
65,7,8,0
32,13,40,0
26,10,40,0
23,10,25,0
33,10,40,0
18,9,20,0
47,10,36,0
32,10,40,0
29,13,40,0
35,12,80,1
37,13,55,0
60,9,25,0
21,10,35,0
27,9,40,0
46,14,44,0
30,10,40,0
17,6,17,0
44,10,40,0
23,11,15,0
23,9,40,0
35,9,40,0
44,9,30,0
29,9,40,0
19,9,40,0
33,6,36,0
40,9,40,0
23,13,25,0
59,10,16,1
31,4,35,0
30,9,30,0
34,9,40,0
40,11,40,1
53,10,40,0
43,10,40,0
46,9,38,0
52,10,40,0
21,9,32,0
28,13,40,0
65,11,40,0
20,9,35,0
20,9,40,0
37,13,50,0
39,10,40,0
39,9,35,0
33,9,40,0
47,10,40,0
21,13,20,0
32,10,50,0
43,9,35,0
18,7,30,0
31,13,40,0
58,14,27,0
27,10,39,0
58,14,15,0
41,11,10,0
41,5,35,0
46,13,40,0
24,13,20,0
47,10,20,0
44,9,40,1
17,8,8,0
29,10,40,0
54,10,40,0
20,10,28,0
38,10,58,0
26,9,48,0
17,7,40,0
19,10,35,0
19,10,12,0
51,13,40,0
55,15,10,0
53,9,40,0
24,1,30,0
17,7,12,0
34,9,40,0
29,13,60,0
51,10,40,1
25,10,40,0
25,10,40,0
54,9,40,0
30,9,40,0
54,10,45,1
20,10,20,0
29,9,40,0
56,9,50,0
31,6,40,0
53,13,50,0
32,6,40,0
53,13,50,1
21,12,32,0
62,13,40,0
38,9,40,0
26,10,25,0
42,10,40,0
18,7,15,0
20,10,25,0
20,9,40,0
45,9,50,0
32,11,50,0
24,10,15,0
68,10,20,0
43,9,40,1
45,9,40,0
58,6,8,0
46,9,40,0
47,9,45,0
38,9,40,0
55,9,30,1
33,10,40,0
41,10,40,0
72,7,24,0
56,7,40,0
19,7,30,0
51,9,40,0
43,9,40,0
21,9,60,0
50,9,40,0
23,13,40,0
59,9,18,0
27,14,40,0
57,14,40,0
45,10,40,0
38,9,40,0
37,9,40,0
34,10,40,0
46,5,40,0
47,10,40,0
26,10,40,0
42,10,40,0
36,10,40,0
50,9,35,0
61,14,70,0
24,10,40,0
34,7,40,0
48,9,40,0
32,11,24,1
20,10,40,0
36,13,35,1
37,9,40,0
40,9,32,0
54,10,40,0
48,9,48,0
42,10,45,0
38,10,40,0
39,10,45,0
32,9,60,0
24,9,40,0
32,9,50,0
45,13,50,0
36,9,40,0
44,13,38,0
19,10,16,0
23,8,40,0
58,10,30,0
53,10,40,1
29,14,40,1
19,9,20,0
34,10,35,0
39,10,40,0
30,11,24,0
25,11,40,0
25,11,60,0
26,13,40,1
45,14,50,0
18,9,25,0
67,9,24,0
35,9,40,0
51,10,35,0
23,10,40,0
50,11,40,0
29,9,50,0
48,9,25,0
21,10,40,0
19,9,40,0
21,6,35,0
20,9,20,0
32,7,15,0
17,6,12,0
51,9,40,0
36,9,70,0
22,9,40,0
47,10,40,0
22,9,35,0
34,10,40,0
51,9,40,0
22,13,43,0
31,8,40,0
46,12,40,0
32,13,48,1
23,9,80,0
19,10,20,0
26,13,20,0
64,10,8,0
19,10,27,0
32,10,40,0
40,10,40,0
43,13,40,1
19,10,35,0
25,13,20,0
37,13,36,0
39,12,55,0
45,14,30,0
23,9,40,0
71,7,75,0
64,10,24,0
53,9,30,0
55,13,40,1
58,13,40,1
34,13,45,1
28,9,40,0
33,13,24,0
27,5,50,0
44,9,15,0
43,14,50,1
31,9,99,1
49,13,50,0
31,9,40,0
24,9,40,0
51,9,40,0
24,12,15,0
32,10,30,0
32,10,40,0
38,9,40,0
47,11,45,1
35,8,40,0
42,13,45,1
22,6,35,0
24,10,40,0
26,13,40,0
58,9,24,0
17,6,20,0
20,9,20,0
42,10,40,1
17,7,8,0
27,9,32,0
35,9,45,0
66,10,20,0
82,11,8,0
53,12,48,0
41,10,80,0
30,11,36,0
24,5,40,0
21,10,15,0
25,9,50,0
29,10,40,0
22,13,60,0
17,6,16,0
25,13,40,0
17,8,16,0
22,9,55,0
35,13,40,0
57,6,40,0
41,13,70,0
27,10,20,0
39,1,12,0
34,9,20,1
24,6,58,0
25,10,20,0
36,9,50,0
29,10,40,0
22,9,40,0
23,10,40,0
41,9,40,0
45,7,40,0
18,7,40,0
37,13,42,0
43,14,30,0
28,9,50,0
67,9,2,0
50,13,50,0
40,13,45,1
26,9,40,0
40,9,37,0
61,10,20,0
52,6,25,0
21,9,35,0
20,10,10,0
38,13,35,0
42,11,35,0
35,10,40,0
20,10,20,0
58,14,24,1
50,13,60,0
39,10,60,0
26,10,38,0
76,9,13,0
19,10,20,0
29,6,40,0
45,9,26,0
19,9,30,0
32,13,40,0
39,13,40,0
67,14,40,0
51,4,48,0
41,11,15,1
41,9,40,0
18,7,20,0
32,13,8,1
48,12,30,1
35,9,40,1
30,13,35,0
26,14,40,0
20,12,40,0
35,13,35,1
58,10,39,0
27,14,25,0
57,9,16,0
21,10,20,0
27,13,60,0
31,9,30,0
31,9,40,0
32,6,40,0
45,14,40,0
22,12,16,0
33,15,50,1
31,11,40,0
24,11,40,0
42,9,40,0
20,8,55,0
17,6,25,0
27,13,45,0
31,9,40,0
34,9,35,0
25,13,50,0
23,13,40,0
20,9,30,0
36,9,40,0
32,13,32,0
36,12,50,1
76,9,33,0
24,9,35,0
57,13,35,0
35,9,40,0
49,9,40,0
37,9,40,0
18,10,32,0
58,13,40,0
40,10,40,0
47,14,6,0
46,13,50,1
40,9,40,0
60,4,40,0
27,13,40,0
55,7,40,0
20,10,20,0
22,9,40,0
20,10,15,0
64,9,15,0
18,9,40,0
42,10,40,0
32,9,45,0
23,13,50,0
44,14,40,0
32,12,50,0
18,10,20,0
29,10,40,0
34,9,36,0
17,7,20,0
34,12,10,0
28,14,50,0
34,14,40,0
72,12,40,0
34,9,24,0
19,10,20,0
68,10,40,0
25,9,40,0
26,14,40,0
18,10,15,0
30,9,20,0
29,10,40,0
21,10,8,0
21,10,25,0
36,9,50,0
24,13,40,0
43,10,40,0
29,11,40,0
42,10,30,0
41,10,50,0
34,13,50,0
29,4,40,0
53,16,55,1
44,10,42,0
28,10,40,0
60,10,40,0
25,9,40,0
20,9,45,0
64,9,38,0
29,13,45,0
34,13,40,0
31,9,40,0
22,6,40,0
68,8,30,0
42,10,38,0
19,10,30,0
31,9,35,0
29,9,32,0
24,9,40,0
29,10,40,0
40,9,40,0
25,10,40,0
39,13,40,0
52,3,40,0
34,14,50,0
27,7,40,0
23,13,40,0
23,9,16,0
47,13,40,0
80,14,10,0
26,13,40,0
25,13,40,0
48,11,50,0
41,7,40,0
54,9,40,0
26,13,40,0
44,6,40,0
38,9,40,0
36,7,40,0
67,4,20,0
33,9,41,0
19,10,20,0
25,9,4,0
27,9,40,0
22,10,40,0
34,12,35,0
31,13,45,0
31,15,45,1
18,9,30,0
23,13,50,0
24,13,40,0
27,11,40,0
30,9,20,0
20,7,25,0
17,7,15,0
26,13,80,0
26,13,40,0
33,9,45,0
23,13,60,0
28,10,40,0
44,10,48,0
38,10,40,0
28,12,40,0
68,9,15,0
52,9,50,0
22,9,55,0
58,7,40,0
47,12,40,0
58,9,35,1
33,13,50,1
48,9,32,0
41,6,40,0
19,10,25,0
36,10,50,0
22,10,30,0
33,13,40,0
23,13,38,0
23,10,40,0
60,16,65,1
29,13,42,0
60,9,40,0
62,6,40,0
50,13,24,0
42,11,40,0
26,13,40,0
28,9,36,0
23,9,35,0
36,7,32,0
26,14,40,0
18,7,2,0
55,10,12,1
31,10,40,0
25,11,45,0
50,4,40,0
35,9,40,0
27,10,50,0
30,10,37,0
43,9,40,1
63,13,40,0
63,9,40,0
53,9,40,0
18,9,10,0
65,7,20,0
47,9,48,0
62,9,84,0
59,9,40,1
69,11,1,0
60,13,60,1
19,10,40,0
36,9,40,0
19,10,26,0
35,9,40,0
19,10,24,0
36,11,40,0
22,10,35,0
39,10,20,0
20,10,20,0
52,9,30,0
40,11,36,0
19,10,20,0
35,11,40,1
56,9,15,0
29,10,6,0
60,14,50,0
61,9,20,0
18,8,25,0
22,10,10,0
33,9,40,0
20,10,16,0
34,9,8,0
42,11,40,0
49,9,40,0
18,8,12,0
25,9,40,0
39,10,40,0
23,13,43,0
47,14,45,1
21,9,40,0
54,9,15,0
21,10,40,0
42,9,40,1
62,10,50,0
19,9,50,0
37,9,40,1
62,10,45,1
19,10,10,0
17,7,20,0
28,13,40,0
29,11,40,0
43,9,40,0
22,9,45,0
39,14,40,0
20,12,40,0
45,9,40,0
34,10,40,0
22,10,35,0
42,9,40,1
35,10,38,0
28,13,15,0
42,13,40,1
31,6,40,0
25,9,37,0
49,15,55,1
51,9,38,0
40,9,40,0
48,9,50,0
17,7,8,0
26,10,40,0
38,9,40,0
24,4,20,0
42,9,40,0
18,6,3,0
32,10,37,0
47,10,40,0
22,9,40,0
57,9,42,0
33,9,32,0
37,12,40,0
74,9,16,0
25,10,25,0
37,16,40,0
43,9,40,0
19,9,40,0
30,11,36,1
21,9,25,0
19,10,20,0
45,10,99,0
57,10,40,0
25,10,50,0
22,10,17,0
22,10,20,0
29,9,40,0
27,16,70,0
22,9,40,0
23,10,50,0
21,9,25,0
41,9,40,0
19,9,40,0
50,9,46,0
56,14,40,0
54,4,25,0
53,10,38,0
43,9,40,0
46,9,48,0
23,10,20,0
59,9,40,0
39,10,40,0
51,10,40,0
41,9,50,0
19,7,20,0
46,9,37,0
21,10,10,0
38,9,22,0
45,11,40,0
50,9,65,0
47,14,2,1
51,6,25,0
18,7,40,0
64,9,23,0
19,10,25,0
41,9,40,0
23,9,30,0
58,9,20,1
64,11,15,0
51,9,40,0
36,10,4,0
46,10,40,1
25,14,40,1
46,9,37,0
31,9,8,0
39,12,45,0
51,13,60,0
20,10,40,0
45,9,40,0
24,9,49,0
24,9,25,0
75,11,30,0
24,10,40,0
45,3,35,0
54,14,55,1
21,11,12,0
30,10,45,0
36,9,40,1
21,10,25,0
23,5,35,0
21,10,14,0
21,10,20,0
66,10,20,0
47,12,67,0
23,10,25,0
42,11,40,0
23,10,20,0
24,13,20,0
48,10,38,0
45,10,40,0
48,13,25,1
24,9,40,0
32,11,64,0
44,9,40,0
38,8,17,0
44,14,40,0
25,13,40,0
21,10,28,0
21,7,24,0
47,10,40,0
46,13,40,1
57,9,38,0
29,9,55,0
31,10,40,0
38,9,35,0
23,10,30,0
25,13,40,0
34,13,10,1
22,10,40,0
33,9,45,0
22,9,39,0
30,10,10,0
71,9,40,0
29,10,40,0
77,4,23,0
40,13,45,0
36,9,30,0
43,10,50,0
29,9,40,0
58,13,40,0
20,11,20,0
19,9,40,0
51,10,36,0
25,9,40,0
35,9,40,0
22,9,30,0
39,10,40,0
50,14,40,1
32,13,40,0
53,14,50,0
31,9,50,0
19,10,32,0
21,10,30,0
57,9,40,0
57,11,40,0
22,10,30,0
27,13,55,0
22,13,40,0
25,13,40,0
52,9,38,0
46,9,30,0
36,12,60,0
28,9,40,0
36,13,40,0
32,9,40,0
46,11,45,0
32,9,35,0
25,9,6,0
49,14,80,0
55,10,10,0
53,14,60,1
35,10,40,1
33,10,26,0
35,13,40,0
73,9,37,0
73,9,8,0
18,7,15,0
33,13,45,0
32,10,35,0
31,10,35,0
65,4,50,0
68,10,30,0
46,9,30,0
34,13,36,0
21,10,3,0
36,13,45,0
36,9,38,0
22,9,3,0
26,12,36,0
24,13,8,0
46,12,27,0
45,13,40,0
28,11,40,0
25,10,25,0
27,9,40,0
33,11,40,1
26,10,40,0
29,10,40,0
52,9,25,0
37,11,40,0
46,9,40,1
24,10,50,0
20,9,30,0
35,12,60,0
72,9,2,0
24,12,30,0
57,9,45,0
37,14,70,0
27,9,40,1
21,12,8,0
30,9,30,0
31,9,8,0
71,9,20,1
60,13,45,1
26,13,45,0
29,11,40,0
33,9,40,0
18,10,25,0
29,10,24,0
19,9,30,0
50,16,50,0
27,13,35,0
61,10,30,0
35,9,40,1
41,11,43,0
45,9,40,0
42,15,39,1
17,7,25,0
48,10,43,0
26,13,55,0
24,13,50,0
22,10,40,0
35,13,55,0
34,13,15,0
44,10,40,0
20,10,10,0
24,10,40,0
40,9,50,0
64,9,50,0
44,12,40,1
31,9,40,0
33,9,30,0
50,14,45,0
43,13,40,0
28,6,40,0
21,9,40,0
23,9,40,0
69,9,9,0
63,8,40,0
18,7,40,0
24,12,2,0
47,9,40,0
55,9,40,0
30,9,40,1
23,13,20,0
37,14,40,0
25,11,38,0
21,10,40,0
20,10,40,0
34,13,35,0
37,14,40,0
32,13,50,1
19,10,30,0
22,7,40,0
23,13,60,0
24,13,20,0
34,11,40,0
35,13,40,0
44,10,40,1
26,10,40,0
18,7,25,0
30,10,40,0
38,13,45,0
38,11,40,0
20,9,30,0
73,9,65,0
36,9,40,1
22,9,35,0
41,10,40,0
17,7,16,0
37,9,37,0
46,9,40,0
30,9,45,0
23,9,32,0
24,13,40,0
44,13,35,0
28,9,40,0
32,13,45,0
19,10,35,0
56,9,40,0
57,10,25,1
20,10,30,0
41,10,40,0
23,10,15,0
56,10,35,0
31,9,55,0
46,9,40,0
26,15,30,0
53,9,40,0
51,5,40,0
41,10,15,0
57,4,10,0
43,14,45,1
49,14,40,0
51,9,44,0
21,10,25,0
27,13,50,0
20,10,29,0
55,13,40,1
30,10,45,0
35,13,40,0
66,11,35,0
23,9,40,0
19,10,30,0
42,9,50,0
18,7,10,0
73,9,40,0
40,10,40,0
52,16,40,1
24,9,40,0
45,9,50,0
53,10,40,0
62,10,16,0
17,7,30,0
59,9,10,0
21,10,40,0
21,9,40,0
36,9,38,0
27,10,40,0
46,9,40,0
23,8,38,0
23,10,25,0
41,13,25,1
73,9,15,0
35,9,50,0
23,13,20,0
25,12,40,0
25,7,40,0
37,14,40,1
28,10,35,0
39,11,40,0
25,10,60,0
25,13,44,0
35,9,35,0
49,14,40,0
42,11,40,0
45,13,46,0
36,7,40,0
31,9,40,0
23,13,40,0
21,9,30,0
19,10,40,0
25,9,40,0
49,9,40,0
67,9,40,0
26,9,45,0
22,10,50,0
57,13,45,1
21,10,8,0
17,7,7,0
23,10,40,0
24,10,40,0
36,9,4,0
31,5,42,0
55,9,40,0
34,13,35,0
35,9,40,0
17,8,18,0
63,9,40,0
24,10,20,0
19,10,30,0
40,10,40,0
53,10,40,0
27,10,30,0
62,9,6,0
36,9,38,0
35,9,40,0
30,9,40,0
22,9,25,0
28,12,40,0
54,14,40,0
33,11,99,0
52,6,35,0
20,9,23,0
31,9,40,1
43,13,50,0
23,13,21,0
29,16,60,1
27,11,38,0
30,13,37,0
20,9,20,0
44,9,39,0
45,13,55,0
22,10,30,0
25,10,40,0
34,12,36,0
90,4,15,0
34,13,40,0
49,4,40,0
21,10,8,0
27,11,38,0
37,10,40,0
23,13,40,0
23,13,40,0
23,10,40,0
56,9,45,0
20,10,20,0
23,10,18,0
70,9,32,0
53,10,54,0
28,10,40,0
20,10,30,0
60,9,40,0
23,9,40,0
21,10,40,0
17,7,9,0
39,10,40,0
36,9,40,0
36,9,18,0
25,13,35,0
56,5,40,0
18,10,40,0
25,13,40,0
55,13,25,0
49,11,40,0
17,6,20,0
29,9,38,0
30,10,40,0
28,12,35,0
39,13,40,0
77,9,10,0
27,9,50,1
27,9,40,0
18,7,15,0
49,10,30,0
29,10,40,0
20,10,40,0
32,10,45,0
59,9,40,0
30,9,40,0
22,10,40,0
20,9,40,0
40,9,40,0
55,9,40,0
22,10,40,0
20,9,84,0
20,10,20,0
44,9,40,0
33,13,40,0
75,13,6,0
44,13,5,0
40,5,40,0
52,9,43,0
37,9,50,0
23,10,32,0
52,9,45,0
47,10,40,0
50,9,40,0
45,9,40,0
44,13,20,1
54,14,45,1
29,9,38,0
40,13,45,1
53,9,40,0
43,11,45,0
28,9,45,1
36,9,40,0
39,13,40,0
49,13,40,1
19,10,25,0
44,13,32,0
28,10,40,0
58,9,40,0
57,10,60,0
54,9,40,0
34,9,40,0
38,13,35,0
26,13,40,0
30,10,30,0
21,10,30,0
22,10,60,0
45,10,27,0
27,9,40,0
28,10,60,0
42,9,65,0
33,10,37,0
38,9,40,0
39,12,45,0
42,10,40,0
62,9,30,0
52,9,38,0
32,14,20,0
54,16,50,1
42,10,40,0
45,9,40,0
23,10,25,0
40,10,40,0
29,6,40,0
28,10,40,0
55,7,40,0
21,7,38,0
39,9,40,0
20,10,40,0
22,10,25,0
35,11,44,0
20,10,35,0
46,7,40,0
29,9,40,0
50,10,40,0
67,7,20,0
26,9,40,0
35,9,40,0
27,9,70,0
32,10,40,0
23,11,40,0
51,10,40,0
19,9,35,0
35,13,40,0
40,12,32,0
36,13,40,0
51,10,40,0
45,13,48,1
22,10,15,0
51,13,40,0
22,10,30,0
40,9,40,0
42,13,40,0
20,11,25,0
71,5,13,0
17,5,16,0
30,13,16,1
24,10,40,0
38,9,40,0
22,11,36,0
18,7,20,0
39,14,55,0
21,10,40,0
40,9,40,0
67,7,40,0
29,7,52,0
18,8,20,0
30,10,40,0
28,14,40,1
45,9,40,0
28,10,40,0
20,10,40,0
55,9,55,0
18,7,20,0
19,10,38,0
72,3,40,0
52,9,40,0
34,9,40,0
34,12,40,0
21,10,40,0
34,14,50,0
52,10,50,0
28,10,40,0
30,10,40,0
43,10,44,0
35,11,20,1
20,9,26,0
18,9,40,0
24,10,40,0
48,16,40,1
20,10,32,0
37,12,48,0
43,13,55,0
36,9,35,0
18,10,35,0
29,13,80,0
18,9,40,0
17,6,24,0
31,9,40,0
58,9,40,0
53,14,40,0
24,9,38,0
63,11,20,0
26,10,40,0
28,14,40,0
31,10,45,0
48,14,40,1
25,9,10,0
28,10,40,0
27,15,12,0
20,10,35,0
39,10,20,0
31,9,38,0
23,10,20,0
43,9,48,0
20,10,20,0
51,9,40,0
62,4,40,0
51,10,40,0
26,13,40,0
41,13,45,0
18,7,49,0
36,9,30,0
17,7,30,0
24,10,50,0
40,9,40,0
17,7,15,0
49,10,44,0
36,9,40,0
36,12,40,0
30,9,14,0
43,10,40,0
23,9,40,0
23,10,40,0
26,13,40,0
52,10,40,0
40,12,40,0
59,14,40,0
27,13,50,0
30,9,40,0
27,13,40,1
18,8,20,0
27,10,30,0
40,9,35,0
32,13,30,0
57,10,40,0
44,10,40,0
30,10,60,0
52,4,64,0
22,12,15,0
21,10,16,0
64,9,38,0
68,10,40,0
27,10,40,0
37,9,30,1
47,9,35,0
31,9,25,0
21,9,35,0
17,9,20,0
20,10,20,0
56,9,40,0
19,10,30,0
47,12,35,0
30,10,48,0
58,9,40,0
23,10,25,0
22,13,35,0
47,9,60,0
48,7,30,0
28,13,48,0
22,10,30,0
43,9,25,1
40,13,45,0
26,9,12,0
26,11,40,1
48,9,52,0
22,13,12,0
29,13,35,0
54,9,45,0
29,13,40,0
34,14,40,0
45,9,40,0
47,10,45,0
22,10,35,0
64,10,65,0
25,10,43,0
31,14,25,0
32,13,48,0
24,13,40,0
17,8,40,0
23,10,10,0
47,9,38,0
28,10,26,0
43,9,20,1
35,10,70,0
37,9,40,0
18,10,20,0
23,13,30,0
17,7,12,0
37,13,50,0
34,13,40,0
48,10,20,0
19,9,35,0
21,9,40,0
22,9,40,0
55,9,45,0
51,9,40,0
31,10,40,0
59,14,40,0
36,14,40,1
41,10,20,0
42,12,24,0
27,9,40,0
46,10,40,0
38,9,40,0
69,9,40,1
21,9,35,0
38,15,30,0
31,9,35,0
22,6,40,0
22,10,20,0
27,13,40,0
17,7,20,0
36,13,40,1
67,11,40,0
45,9,35,0
24,13,40,0
33,9,40,0
25,10,40,0
50,9,40,0
22,10,40,0
20,10,35,0
51,10,45,1
64,9,35,0
45,9,40,0
20,5,40,0
35,9,40,0
17,6,20,0
48,10,50,0
63,9,24,0
17,7,40,0
27,10,40,0
36,14,40,0
25,10,50,0
33,9,35,1
20,10,25,0
18,9,40,0
41,9,40,0
38,11,40,0
32,9,40,0
53,13,60,1
32,13,40,0
57,9,35,0
28,9,40,0
19,8,20,0
25,13,40,0
20,10,45,0
22,9,24,0
28,9,40,0
21,9,40,0
26,11,40,0
45,10,50,0
35,9,40,0
61,10,40,0
24,13,40,0
28,6,40,0
27,10,40,0
20,10,16,0
36,13,20,1
37,12,30,0
33,10,40,0
27,13,40,0
21,9,45,0
43,9,16,0
24,9,40,0
29,10,65,0
59,14,40,1
21,9,20,0
62,9,32,0
23,10,40,0
23,10,30,0
33,7,40,1
30,11,40,0
32,13,2,0
59,10,32,0
33,5,40,0
57,13,40,0
19,10,35,0
45,9,45,0
20,7,39,0
61,4,40,0
36,10,40,0
19,10,25,0
27,10,40,0
28,9,40,0
48,13,20,0
29,12,38,0
26,13,35,0
76,4,12,0
40,9,36,0
35,10,65,0
46,13,70,0
23,13,38,0
61,9,40,0
45,9,55,0
26,10,40,0
50,9,16,0
44,14,60,0
45,9,40,0
49,10,40,0
45,13,35,0
20,10,25,0
27,10,25,0
19,9,15,0
54,10,40,0
56,5,40,1
49,10,65,1
23,10,40,0
42,10,50,1
36,13,4,1
46,14,43,0
18,10,20,0
28,13,4,0
32,13,40,0
62,10,40,0
37,5,40,0
59,6,40,0
19,9,40,0
30,10,40,0
34,9,48,0
22,10,40,0
29,11,35,0
52,10,60,0
27,13,40,0
67,13,35,0
35,9,40,0
63,4,40,0
47,13,40,1
28,10,15,0
48,9,40,0
44,9,40,0
49,9,40,0
35,10,30,0
27,15,40,0
23,10,50,0
19,10,20,0
58,13,20,0
49,9,40,0
46,9,40,1
57,9,28,0
21,10,10,0
29,13,42,1
27,10,50,0
69,10,14,0
34,9,35,0
30,11,40,0
54,9,43,0
69,12,1,0
38,10,38,0
36,14,40,0
48,9,35,0
47,13,70,0
70,11,35,0
51,10,35,0
23,13,40,0
38,9,40,0
18,7,35,0
20,10,20,0
56,9,46,0
27,13,40,0
65,9,20,0
23,10,40,0
57,9,30,0
32,9,40,0
25,11,40,0
32,9,40,0
49,13,35,0
61,13,40,0
41,10,40,0
27,13,40,0
45,7,16,0
36,9,25,0
45,9,38,1
50,9,40,0
42,12,40,0
48,14,80,0
49,13,40,1
42,10,40,0
36,13,40,0
17,7,20,0
20,10,40,0
35,14,55,0
18,9,33,0
63,10,5,0
39,12,40,1
42,9,40,0
63,10,40,0
28,7,40,0
27,9,52,0
47,9,40,0
38,10,40,0
27,10,40,0
63,10,43,0
19,10,40,0
34,9,40,0
30,13,40,0
31,9,40,0
39,6,60,0
74,10,12,0
37,10,40,0
17,7,12,0
68,10,45,0
17,6,40,0
17,8,30,0
19,10,10,0
72,11,30,0
54,9,30,0
42,9,24,0
24,13,40,0
36,5,40,0
23,9,40,0
27,13,20,0
26,13,50,0
28,10,40,0
17,6,20,0
25,10,40,1
22,9,40,0
45,10,40,0
50,10,36,0
60,10,35,0
31,9,12,0
37,12,40,0
31,12,41,0
43,9,40,0
58,9,40,1
41,9,60,0
17,6,15,0
19,10,40,0
46,9,44,0
32,9,35,0
57,9,40,0
28,10,30,1
22,9,40,0
59,9,40,0
18,8,30,0
45,9,10,0
51,9,40,0
47,14,40,0
23,10,25,0
26,10,35,0
22,13,30,0
19,10,15,0
42,10,40,1
25,13,40,0
18,10,20,0
60,9,32,0
68,9,12,0
52,9,40,0
46,9,28,1
37,11,38,0
90,5,40,0
17,8,16,0
33,9,40,0
86,14,40,0
22,11,40,0
18,9,60,0
44,9,38,0
39,10,40,0
36,9,40,0
28,14,40,0
36,5,40,0
17,5,20,0
27,13,40,0
36,9,40,0
29,12,40,0
44,9,40,0
55,16,60,0
31,9,40,0
22,9,40,0
90,14,40,0
49,10,40,1
26,12,40,0
17,6,4,0
51,9,43,0
31,9,18,0
34,13,45,0
75,14,50,0
21,10,40,0
62,10,20,0
48,7,31,0
46,9,40,0
51,10,50,1
28,9,50,0
63,9,72,0
40,9,40,1
22,10,35,0
22,10,40,0
24,9,30,0
39,9,20,0
17,9,20,0
63,6,31,0
20,10,20,0
19,10,10,0
58,5,40,0
21,9,35,0
20,10,40,0
33,10,40,0
20,9,38,0
43,9,40,0
62,6,40,0
28,9,25,0
37,14,45,1
40,12,40,0
44,10,40,0
22,10,40,0
59,13,50,1
32,13,50,0
61,10,40,1
17,7,22,0
22,10,40,0
27,10,40,0
28,10,52,0
56,14,50,0
48,11,40,0
37,13,40,0
44,14,48,0
23,13,30,0
37,9,40,0
42,9,40,0
21,10,20,0
26,13,48,0
18,8,20,0
28,10,35,0
36,13,40,0
54,12,55,1
25,13,40,0
76,13,20,0
28,13,40,0
27,10,40,0
26,10,24,0
23,9,40,0
37,13,35,0
37,11,30,0
37,6,33,0
39,13,35,0
19,10,10,0
64,9,40,0
31,14,25,0
33,9,40,0
44,12,45,0
53,14,50,1
36,9,38,0
22,10,40,0
26,13,50,0
51,9,40,0
42,9,45,0
28,11,38,0
17,7,20,0
47,13,50,0
40,10,40,1
36,13,40,1
39,9,38,0
28,15,50,0
18,9,20,0
46,10,40,0
18,10,24,0
34,13,39,0
31,13,50,1
39,9,40,1
23,6,40,0
24,10,42,0
46,11,36,0
25,13,25,0
28,9,40,0
63,9,35,1
20,9,40,0
46,10,40,0
29,9,40,1
31,14,50,0
35,13,43,0
33,16,48,1
38,10,35,1
34,9,28,0
56,10,40,0
42,9,40,0
25,10,40,0
50,9,40,0
46,9,25,0
36,9,28,0
49,13,40,1
19,9,40,0
25,6,24,0
44,9,40,0
47,13,50,0
75,9,40,0
20,10,40,0
23,11,40,0
61,14,40,0
31,13,45,0
49,10,40,0
43,13,7,1
30,10,55,0
20,9,30,0
23,10,20,0
31,13,40,0
19,11,40,0
33,13,50,0
24,13,30,0
66,6,11,0
20,10,35,0
30,12,40,0
27,9,40,0
45,10,40,0
24,9,40,0
20,10,40,0
17,7,25,0
20,10,40,0
54,10,35,0
50,14,35,0
46,10,40,0
30,10,20,0
57,9,40,0
26,10,20,0
45,10,38,0
19,10,35,0
67,4,35,0
18,10,15,0
18,7,40,0
21,10,37,0
23,10,37,0
30,13,40,0
24,12,40,0
24,10,20,0
46,9,40,0
41,10,40,1
28,11,40,0
25,13,40,0
76,9,8,0
43,9,40,0
61,9,4,0
47,9,43,0
22,11,12,0
42,10,25,0
65,4,24,0
38,14,40,0
18,7,15,0
23,9,40,0
47,9,52,0
28,12,43,0
36,10,37,0
34,9,40,0
21,10,10,0
22,10,25,0
23,12,25,0
22,13,40,0
30,9,40,0
21,7,40,0
36,9,40,0
38,9,40,0
33,8,40,0
28,10,40,0
28,12,60,0
37,9,25,0
20,10,46,0
23,9,40,0
38,13,24,0
51,13,50,0
41,9,20,0
46,14,50,1
24,13,50,0
40,10,17,1
57,3,40,0
27,13,37,0
53,9,35,0
46,10,17,0
54,9,35,0
23,13,12,0
17,7,20,0
28,9,40,0
27,13,35,0
33,9,40,0
64,10,40,0
75,9,20,0
21,10,10,0
20,9,20,0
18,7,12,0
36,9,40,0
53,10,30,0
46,14,38,0
44,16,38,0
28,11,40,0
51,12,25,0
31,12,32,0
32,9,35,0
37,10,40,0
49,12,30,0
60,9,44,0
51,9,40,0
17,6,20,0
56,9,35,0
23,10,15,0
53,7,47,0
49,9,40,0
25,9,38,0
26,13,40,0
23,10,50,0
41,10,38,0
22,9,40,0
58,9,40,0
36,13,60,0
21,10,20,0
19,9,25,0
46,14,43,0
22,12,27,0
43,9,30,1
32,10,50,1
47,9,40,0
53,9,40,0
40,9,30,0
25,13,16,0
49,10,20,0
20,10,25,0
23,9,10,0
31,9,40,0
23,10,8,0
45,9,38,0
35,13,40,0
37,13,37,1
58,10,40,0
28,8,40,0
26,10,40,0
38,9,35,0
22,9,40,0
18,8,8,0
33,9,40,0
52,10,40,0
29,13,40,0
41,14,40,1
35,9,40,0
90,13,10,0
27,7,35,0
18,7,15,0
21,10,40,0
45,10,40,0
45,13,40,1
56,9,40,0
25,13,40,0
38,13,15,0
20,12,40,0
49,13,45,0
18,8,20,0
57,10,40,0
25,13,30,0
38,9,48,0
65,9,40,0
61,10,40,0
21,10,40,0
18,7,20,0
31,10,40,0
33,10,40,0
47,9,38,1
51,10,36,0
43,10,40,0
60,11,40,0
21,11,40,0
20,5,32,0
22,9,35,0
34,10,17,0
51,9,40,0
76,4,40,0
44,9,40,0
63,10,60,0
26,10,15,0
41,11,44,0
45,9,40,0
31,13,40,0
23,12,35,0
26,13,40,0
42,9,40,0
31,7,40,0
25,10,30,0
19,9,40,0
47,7,45,0
31,10,25,0
22,10,40,0
56,14,39,0
18,7,16,0
24,7,40,0
24,6,15,0
22,13,60,0
37,8,40,0
66,10,55,0
41,9,40,0
39,9,40,1
58,10,32,0
35,12,16,0
45,9,19,0
41,9,40,0
58,13,37,0
22,10,20,0
26,10,48,0
49,10,32,0
63,9,35,0
21,10,35,0
58,9,40,0
27,13,15,0
23,11,40,0
38,12,36,0
42,12,40,0
28,12,80,0
27,9,45,0
37,10,40,0
42,14,40,0
30,9,35,0
17,7,8,0
47,9,30,0
42,12,40,0
46,10,40,0
36,13,40,0
18,6,20,0
41,14,60,0
62,9,42,0
25,9,40,0
26,9,40,0
44,13,16,1
23,10,15,0
39,9,4,0
27,11,36,0
22,10,30,0
60,4,40,0
56,10,38,0
17,9,35,0
40,10,40,1
37,10,40,0
44,10,25,0
22,10,16,0
20,10,20,0
26,13,35,0
40,12,40,0
23,10,40,0
53,10,40,0
25,13,40,0
21,10,40,0
40,14,40,1
28,9,40,0
37,11,38,0
25,15,20,0
51,12,40,0
44,12,56,1
30,13,45,0
51,10,40,0
44,9,40,1
19,10,40,0
32,9,40,0
20,10,25,0
46,13,40,1
19,7,25,0
39,13,20,1
30,11,40,0
26,13,40,0
18,9,20,0
35,10,39,0
46,9,25,0
27,9,50,0
35,13,40,0
31,10,20,0
43,10,40,0
17,6,20,0
26,9,50,0
42,9,40,0
62,11,40,0
20,10,25,0
25,7,12,0
28,10,30,0
67,13,60,0
24,9,40,0
18,7,20,0
28,12,3,0
55,14,40,0
18,8,12,0
36,13,50,0
47,13,50,0
62,12,40,0
26,9,56,0
27,9,35,0
40,9,45,0
33,12,40,0
39,13,35,0
26,12,45,0
47,9,32,0
36,14,60,1
50,10,40,0
46,9,37,0
19,10,40,0
30,9,35,0
28,10,45,0
47,5,40,0
46,13,40,0
67,9,7,0
30,11,40,0
38,10,20,0
43,9,60,0
55,11,20,0
25,9,50,0
47,9,40,1
19,10,25,0
29,9,45,0
43,10,40,0
64,14,35,0
53,9,40,1
20,10,30,0
48,9,25,0
20,9,40,0
45,9,28,0
32,9,40,0
47,9,4,0
63,9,40,0
48,9,55,0
23,13,35,0
31,10,40,0
20,9,30,0
50,10,40,0
40,1,20,0
28,10,40,0
23,13,60,0
27,9,42,0
20,10,12,0
29,10,40,1
63,13,40,1
45,9,38,0
32,9,2,1
31,13,40,1
21,10,20,0
48,9,18,0
20,10,20,0
42,13,50,0
18,10,6,0
37,10,30,0
19,10,40,0
54,9,45,0
24,13,40,0
38,10,40,0
23,9,40,0
25,10,40,0
46,10,40,0
49,13,40,0
34,9,25,0
24,10,40,0
27,10,40,0
23,10,25,0
17,7,15,0
34,10,40,0
17,7,9,0
54,9,30,0
47,9,40,0
37,9,40,0
36,9,30,0
38,10,40,0
23,13,30,0
69,9,8,0
58,9,12,0
35,4,30,0
68,15,16,0
56,10,48,0
30,13,40,0
22,9,40,0
48,10,45,0
18,8,24,0
22,9,40,0
24,10,30,0
38,9,25,0
31,11,40,0
30,13,40,0
23,10,40,0
32,4,35,0
26,7,40,0
28,10,24,0
22,12,40,0
41,11,60,0
29,15,55,0
45,10,32,0
69,9,40,0
32,10,38,0
25,10,50,0
28,13,40,0
21,11,40,0
33,9,20,0
39,13,60,1
22,9,36,0
29,10,10,0
35,13,40,0
41,13,55,0
27,10,25,0
25,10,40,0
62,9,16,0
63,5,20,0
26,9,40,0
19,9,15,0
36,13,40,0
21,10,20,0
20,10,10,0
27,10,40,0
25,13,20,0
54,14,40,0
64,2,12,0
65,10,45,0
20,7,40,0
58,9,40,0
36,13,50,0
47,10,40,1
17,8,25,0
20,9,40,0
41,9,30,0
54,10,48,0
53,14,50,0
31,9,25,0
36,11,50,1
22,10,40,0
25,10,15,0
39,9,40,1
17,6,12,0
20,10,20,0
36,10,35,0
34,14,50,0
28,9,46,0
21,9,33,0
49,11,40,0
24,13,50,0
56,14,40,0
20,10,40,0
26,9,40,0
39,9,40,0
42,11,40,0
56,9,40,0
27,10,15,0
29,4,55,0
43,10,40,0
33,13,40,0
74,6,1,0
28,13,40,1
42,9,40,0
23,9,40,0
24,13,40,0
49,8,40,0
26,10,25,0
26,10,40,0
48,10,40,0
24,9,25,0
47,10,30,0
27,9,45,0
25,9,40,0
22,11,30,0
36,12,37,0
23,10,30,0
46,9,40,0
26,7,40,0
17,6,20,0
22,10,25,0
36,10,40,0
50,14,40,0
31,9,37,0
19,10,15,0
62,9,18,0
29,13,40,0
22,10,40,0
48,9,10,0
66,11,20,0
24,10,35,0
31,12,25,0
49,9,40,0
60,9,40,0
21,12,40,0
23,9,40,0
34,9,20,0
49,9,28,0
49,9,40,0
43,9,40,0
56,9,40,1
32,9,40,0
37,9,40,1
62,9,40,0
27,11,35,0
19,9,40,0
25,9,50,0
41,10,25,0
27,13,40,0
46,9,40,0
20,9,40,0
65,11,56,1
21,10,24,0
20,10,5,0
20,10,40,0
19,10,25,0
38,9,70,0
42,9,40,0
47,9,40,0
26,9,40,0
43,10,10,0
28,9,40,0
18,9,40,0
41,10,15,0
33,9,40,0
17,7,16,0
31,9,27,0
29,14,50,0
47,4,30,0
22,10,15,0
39,9,40,0
18,9,40,0
22,10,20,0
18,7,19,0
39,13,6,1
53,15,50,1
20,10,12,0
43,9,40,0
39,9,40,0
30,10,55,1
59,9,40,0
33,14,40,0
49,13,40,0
61,9,35,0
19,10,20,0
23,13,40,0
37,11,43,0
34,13,40,1
57,8,40,0
42,13,40,1
23,9,21,0
22,10,40,0
49,9,55,0
46,9,40,0
20,10,30,0
34,13,40,0
18,9,24,0
23,6,40,0
38,10,35,0
48,6,48,0
50,9,40,1
26,12,8,0
31,12,35,1
27,12,78,0
25,8,30,0
22,10,40,0
41,9,52,0
30,9,36,0
56,12,40,0
35,13,40,1
54,5,15,0
39,13,36,1
36,9,40,0
39,9,40,0
23,10,40,0
35,10,40,0
49,10,60,0
31,15,60,1
51,14,40,1
29,15,55,0
56,4,40,0
27,10,60,0
71,9,20,0
32,9,40,0
18,7,30,0
32,9,40,0
26,13,40,0
50,9,40,1
21,6,30,0
24,13,40,0
22,12,20,0
17,7,12,0
77,11,25,0
25,9,48,0
21,7,35,0
26,13,45,0
55,9,16,0
41,7,40,0
46,9,40,0
28,8,30,0
53,9,20,0
23,13,20,0
52,12,32,0
25,10,40,0
30,13,50,0
23,10,20,0
18,6,35,0
44,10,38,0
50,10,40,0
33,9,40,0
23,10,30,0
37,10,40,0
19,6,40,0
42,10,37,1
46,9,40,0
42,14,45,0
23,10,20,0
29,14,45,0
25,13,25,0
36,10,20,0
34,14,40,0
28,10,38,0
40,4,40,0
33,15,40,1
32,10,30,0
43,14,45,1
35,9,38,0
41,9,20,0
39,10,45,0
35,9,48,0
61,6,40,0
66,9,20,0
43,13,40,0
28,10,40,0
25,14,37,0
18,9,20,0
31,13,50,0
25,10,40,0
34,9,40,0
24,9,36,0
50,9,45,0
62,9,48,0
48,9,40,0
61,10,40,0
38,10,45,0
54,10,40,0
28,6,40,0
51,10,50,0
59,13,45,1
40,13,45,0
33,13,40,0
33,10,40,0
67,11,1,0
19,10,25,0
46,9,40,0
35,9,38,0
35,9,40,1
28,13,45,0
40,13,20,0
23,13,40,0
32,9,25,0
21,10,20,0
34,9,35,0
64,9,20,0
44,10,40,0
26,9,40,0
27,9,40,0
33,7,40,0
49,10,40,1
57,9,62,0
61,16,5,0
31,13,40,0
19,9,40,0
22,9,40,0
30,15,45,1
50,9,40,0
18,9,27,0
54,9,32,0
30,11,40,0
21,9,40,0
24,13,40,0
20,10,30,0
29,13,50,1
61,6,40,0
23,9,50,0
43,14,50,1
19,10,30,0
47,9,32,0
47,9,40,0
58,10,40,1
37,10,40,0
51,16,45,1
22,11,30,0
50,9,40,0
17,6,30,0
21,9,40,0
56,9,38,0
26,13,45,1
19,10,35,0
47,11,55,0
18,7,25,0
34,12,35,0
58,8,24,0
23,14,30,0
43,10,20,0
64,9,20,0
24,9,45,1
20,11,35,0
36,11,40,1
48,14,40,1
33,9,35,0
27,13,40,0
28,13,20,0
55,10,40,0
26,13,40,0
45,9,30,0
39,13,50,1
43,13,50,0
33,7,35,0
18,7,16,0
53,1,35,0
22,13,32,0
46,10,70,0
65,9,20,0
43,9,35,0
32,9,45,0
31,13,40,0
20,10,20,0
68,4,15,0
43,13,40,0
30,12,40,0
53,7,40,0
19,10,40,0
59,10,38,0
26,9,40,0
31,9,40,0
21,10,15,0
24,9,25,0
18,7,16,0
17,7,20,0
27,10,42,1
36,9,32,0
30,9,40,0
36,6,40,0
24,9,40,0
17,6,25,0
40,10,40,0
48,9,48,0
36,10,12,1
32,9,40,0
30,12,25,0
19,10,40,0
31,13,50,1
29,9,36,0
40,14,20,0
30,13,40,0
30,10,40,0
50,13,40,1
32,9,30,0
49,13,40,0
63,9,40,0
50,9,15,0
53,13,40,0
35,13,50,0
47,7,40,0
35,10,40,0
17,6,24,0
19,4,40,0
27,9,15,0
50,9,48,0
33,13,40,0
36,13,40,0
32,12,40,0
18,10,15,0
90,9,40,0
43,9,60,0
21,10,9,0
28,9,40,0
18,9,40,0
48,9,44,0
44,14,40,0
27,6,40,0
45,11,38,0
57,13,40,0
55,14,45,0
34,10,40,0
36,13,44,0
77,10,20,0
55,10,40,1
58,9,32,0
33,9,40,0
41,13,50,1
19,8,25,0
32,9,40,0
30,10,20,0
28,9,45,0
36,11,40,1
45,14,40,0
35,12,50,0
26,9,40,0
29,10,40,0
40,10,25,0
34,10,40,0
27,9,40,0
21,10,30,0
20,10,30,0
33,13,45,0
56,9,40,0
32,16,70,0
21,10,20,0
45,10,40,0
55,9,40,0
25,10,50,0
23,10,40,0
23,9,40,0
21,9,35,0
29,13,25,1
29,14,35,0
48,9,32,0
41,9,40,0
21,9,40,0
52,10,40,1
22,13,50,0
33,13,32,1
51,11,40,0
21,9,40,0
19,10,30,0
20,10,20,0
54,7,50,1
17,8,23,0
28,13,50,0
26,11,40,0
21,10,12,0
28,9,40,0
35,9,55,0
37,12,40,0
40,9,70,0
19,9,40,0
23,13,35,0
19,10,40,0
30,10,40,0
21,10,70,0
27,13,35,0
30,13,55,0
27,9,40,0
38,9,35,0
55,13,40,0
34,13,40,0
23,9,48,0
42,9,40,0
34,13,15,0
44,9,45,0
35,9,40,0
28,10,50,0
19,10,40,0
27,13,43,0
47,9,40,0
40,13,40,0
65,9,40,0
37,9,40,0
48,7,34,0
19,10,25,0
24,9,55,0
23,9,25,0
32,13,40,1
35,14,40,0
31,9,40,0
21,9,30,0
49,10,40,0
52,14,40,0
45,9,40,0
63,9,34,0
35,13,30,1
38,10,40,0
38,13,40,0
34,9,40,0
26,9,40,0
46,5,50,0
41,11,40,0
32,9,36,0
50,7,40,0
74,9,25,0
49,9,40,0
47,10,35,0
20,9,40,0
44,9,15,0
49,10,30,0
40,10,40,0
42,10,23,0
18,8,20,0
52,5,40,0
25,9,30,0
56,4,30,0
29,6,12,0
38,7,40,0
47,9,35,0
23,9,16,0
33,9,20,0
48,10,38,1
29,9,40,0
20,10,20,0
34,14,50,0
21,9,40,0
37,15,39,1
26,10,30,0
40,13,20,0
48,12,40,0
27,9,40,0
58,13,20,0
29,10,38,0
55,10,38,0
21,11,40,0
39,14,32,0
35,10,36,0
40,13,40,1
17,6,15,0
40,10,8,0
28,10,15,0
46,10,40,0
27,9,60,0
25,13,16,0
63,10,12,0
29,10,40,0
33,9,40,0
28,9,40,0
30,9,36,0
44,9,40,0
38,11,40,0
64,13,30,0
21,9,10,0
63,9,32,0
42,9,42,0
56,10,15,0
56,9,40,0
20,10,40,0
26,9,40,0
31,5,20,0
50,13,50,1
56,13,32,0
26,10,35,0
24,9,40,0
51,11,43,0
27,11,40,0
63,9,25,0
18,10,25,0
36,9,40,0
53,15,40,0
38,10,43,0
60,13,42,0
34,9,20,0
34,9,40,0
33,6,45,0
20,10,20,0
42,10,40,0
36,10,40,0
30,11,40,0
37,13,40,0
64,10,10,0
29,11,50,0
46,15,40,0
70,13,7,0
63,14,40,1
38,9,40,0
47,9,40,0
24,9,30,0
36,10,40,0
21,10,40,0
19,13,30,0
34,13,40,1
44,9,40,1
43,11,35,0
35,9,40,0
26,10,40,0
27,10,40,0
39,7,40,0
45,9,30,0
84,9,33,0
36,12,40,0
50,13,50,1
52,9,40,0
36,12,15,0
50,14,40,0
33,10,40,0
20,10,12,0
31,13,20,0
46,12,40,0
61,14,99,0
45,14,60,0
42,13,50,1
29,9,40,0
32,4,40,0
36,10,32,0
53,10,40,0
19,10,28,0
20,9,40,0
55,14,35,0
32,9,40,1
56,14,50,1
27,9,15,0
25,13,40,0
39,10,40,0
30,9,40,0
35,9,40,0
17,7,16,0
20,9,35,0
47,10,40,0
19,10,20,0
71,14,20,0
35,11,65,0
34,11,18,0
34,15,60,1
23,10,16,0
55,12,40,0
84,9,16,0
24,13,40,0
36,13,45,0
59,12,40,1
29,9,50,0
31,9,40,0
45,9,35,0
22,12,35,0
61,7,30,0
53,7,30,0
62,10,16,0
52,4,40,0
19,8,30,0
22,10,21,0
51,10,40,0
37,10,15,0
71,2,28,0
25,10,40,0
25,10,40,0
39,12,40,0
36,7,23,0
19,10,16,0
17,8,12,0
60,10,27,0
30,13,40,0
29,12,36,0
25,10,40,0
19,9,52,0
22,13,40,0
78,9,1,0
24,13,40,0
36,11,3,0
45,9,14,0
40,13,40,0
39,9,40,1
27,13,65,0
33,13,40,0
44,13,40,0
30,13,4,0
40,14,45,1
44,9,40,0
40,10,38,0
19,10,15,0
34,10,40,0
56,4,40,0
40,12,40,0
18,7,20,0
21,10,24,0
46,9,45,0
64,9,21,0
57,9,40,0
25,9,40,0
18,10,30,0
35,10,25,0
51,10,60,0
54,9,35,0
63,10,35,0
46,11,40,0
20,10,20,0
33,13,40,0
38,10,40,0
46,9,50,0
35,14,35,1
45,10,45,1
21,9,30,0
23,13,40,0
21,10,55,0
28,13,43,0
51,10,10,1
27,10,40,1
42,10,38,0
32,14,40,0
58,13,50,0
40,9,30,0
29,9,18,0
27,11,35,0
58,9,10,0
27,12,40,0
30,9,40,0
23,12,25,0
19,7,40,0
51,11,38,0
40,10,35,1
21,10,35,0
50,9,40,0
27,13,99,0
47,10,50,0
69,9,20,0
52,10,50,0
32,10,40,0
26,12,40,0
19,7,25,0
20,10,40,0
43,13,40,0
28,5,40,0
21,10,15,0
49,10,50,0
18,10,16,0
20,10,40,0
20,10,25,0
21,10,20,0
46,4,45,0
34,10,50,0
60,10,40,0
20,9,40,0
19,6,40,0
29,15,70,0
21,9,55,0
51,10,40,0
30,9,40,0
33,12,40,0
35,13,40,0
27,10,40,0
25,9,38,0
18,10,20,0
26,9,35,0
65,6,28,0
40,9,22,0
32,6,40,0
39,10,40,0
42,9,40,0
30,9,35,0
18,9,22,0
31,10,65,0
24,9,32,0
36,9,40,0
21,12,20,0
67,9,20,0
55,9,40,0
43,10,38,0
33,12,45,0
32,12,40,0
30,13,65,0
62,14,32,0
56,10,40,0
19,9,42,0
22,11,30,0
34,5,40,0
32,9,48,0
46,13,8,0
33,10,50,0
46,9,40,0
21,10,15,0
45,10,40,1
31,10,37,0
30,13,50,0
17,6,20,0
35,9,40,1
35,10,40,0
34,13,40,0
42,14,40,0
51,9,43,0
55,13,15,0
19,10,40,0
23,10,20,0
24,9,40,0
20,6,30,0
50,10,39,0
33,13,40,0
21,9,44,0
53,6,48,0
17,6,12,0
33,13,40,0
55,3,40,0
42,9,40,0
55,13,40,0
34,13,40,0
21,10,40,0
43,11,40,0
45,10,40,0
63,9,40,0
27,10,40,1
21,10,20,0
27,9,25,0
22,13,30,0
20,12,25,0
24,9,24,0
20,10,10,0
51,10,20,1
22,10,20,0
47,9,30,1
48,9,20,0
54,10,40,0
55,4,40,0
38,9,40,0
22,9,20,0
55,12,40,0
42,9,22,0
19,10,40,0
18,9,35,0
61,9,24,0
35,9,35,0
32,13,40,0
36,9,40,0
20,10,15,0
36,9,40,0
20,10,19,0
30,10,20,0
18,7,20,0
38,10,40,1
23,12,32,0
37,13,30,1
73,9,12,0
48,9,37,1
35,13,40,0
28,13,50,1
24,12,22,0
42,14,40,1
19,10,15,0
27,14,40,0
43,11,40,1
17,6,15,0
28,10,50,0
28,13,45,0
33,9,42,0
25,12,80,0
41,13,35,0
34,13,55,1
34,10,40,0
29,9,40,0
35,16,80,1
27,12,40,0
21,9,36,0
33,10,40,0
57,16,50,0
19,7,25,0
32,9,45,0
41,13,40,0
58,16,43,1
59,9,40,0
45,10,45,0
22,9,36,0
35,10,40,0
49,9,40,0
34,9,36,0
24,10,45,0
27,10,40,0
46,4,32,0
35,9,40,0
23,9,30,0
22,10,8,0
41,14,55,0
63,13,25,0
64,9,24,0
29,9,42,0
28,12,40,1
28,9,10,0
72,6,20,0
31,13,40,0
64,7,40,0
53,9,40,0
40,11,40,0
18,9,25,0
51,14,40,1
48,14,40,0
26,10,24,0
47,10,60,0
24,13,20,0
32,13,20,1
34,10,40,0
22,10,24,0
20,10,20,0
24,10,30,0
25,12,35,1
47,9,20,1
31,13,42,0
43,14,40,0
19,8,40,0
52,10,20,1
46,10,50,0
22,9,40,0
47,9,40,0
18,9,35,0
60,9,40,0
44,14,40,1
35,9,4,0
74,14,10,0
69,9,40,0
22,12,15,0
33,9,50,0
19,10,15,0
64,7,16,0
46,14,45,1
58,13,40,0
72,10,16,0
56,13,40,0
18,9,20,0
31,9,15,0
51,14,40,0
40,9,40,0
37,9,48,0
55,9,40,0
35,9,35,0
25,13,20,0
31,9,30,0
20,10,45,0
19,9,30,0
43,9,40,0
39,10,24,0
31,10,30,0
48,14,52,0
17,5,20,0
66,9,35,1
29,9,37,0
38,7,32,0
40,9,24,1
47,5,50,0
17,5,40,0
34,13,40,0
46,10,40,0
19,10,35,0
25,8,40,0
67,10,25,0
25,13,40,0
44,9,60,0
26,11,40,0
43,9,40,0
46,10,45,0
29,13,40,0
42,9,40,0
55,4,60,0
46,9,30,0
25,13,40,0
32,7,40,0
27,10,40,0
49,9,20,0
36,14,40,0
34,6,40,0
21,10,8,0
23,11,36,0
49,10,45,1
36,9,40,0
47,10,48,0
47,10,40,0
18,9,30,0
19,9,8,0
50,13,40,1
52,10,40,0
43,14,25,0
20,9,28,0
20,9,40,0
57,9,40,0
52,9,50,0
44,9,40,0
27,13,24,1
18,9,24,0
18,9,40,0
69,7,20,0
55,10,40,0
59,6,37,0
34,10,18,0
29,10,41,1
40,9,40,0
81,2,20,0
53,9,50,1
17,7,15,0
45,10,55,0
38,9,38,0
17,7,30,0
42,9,45,0
49,9,40,0
57,9,57,0
36,13,35,0
41,9,45,0
56,6,40,0
44,7,40,0
30,9,60,0
70,9,5,0
21,10,30,0
48,9,25,0
19,10,4,0
76,10,40,0
63,9,40,0
39,9,40,0
26,13,45,0
62,10,40,0
20,10,13,0
64,5,38,0
35,13,40,0
50,10,40,0
36,13,20,0
19,9,40,0
21,10,6,0
20,10,25,0
18,6,6,0
42,16,45,0
64,9,35,0
50,13,50,0
24,13,35,0
24,13,20,0
34,9,40,0
34,13,55,1
23,10,25,0
45,13,42,0
19,10,20,0
19,6,35,0
25,13,40,0
58,10,20,0
42,9,40,0
19,10,16,0
28,14,20,1
50,7,40,0
36,10,40,0
31,9,35,0
21,9,40,0
18,10,20,0
45,14,35,0
24,10,45,0
19,9,30,0
36,10,33,0
44,14,40,0
47,13,40,0
42,9,30,0
30,9,54,0
56,10,50,1
26,14,50,0
20,11,40,0
28,9,40,0
46,10,45,0
64,10,3,0
41,10,40,1
53,7,37,0
23,10,40,0
25,10,40,0
39,13,30,0
31,10,20,0
35,4,40,0
44,9,40,0
36,9,40,0
19,10,40,0
45,10,40,0
22,9,40,0
46,5,40,0
37,12,13,1
17,8,6,0
18,9,30,0
54,9,35,0
42,4,40,0
42,13,50,0
44,13,45,0
22,13,20,0
46,12,38,0
19,10,15,0
29,14,80,0
36,10,40,0
44,13,60,0
32,9,80,0
60,13,30,0
45,10,45,0
50,9,55,0
21,10,40,0
20,9,40,0
30,13,45,1
25,10,15,0
20,9,30,0
22,10,32,0
47,9,20,1
38,15,40,0
78,12,4,0
29,9,40,0
37,13,45,0
45,14,40,0
35,10,40,1
23,13,45,0
19,9,35,0
20,9,38,0
48,11,25,1
22,13,20,0
51,9,24,0
52,9,40,0
43,10,40,0
28,9,35,0
29,13,46,1
23,11,36,0
42,10,40,0
26,11,45,0
28,9,40,0
18,7,22,0
36,9,40,1
20,9,30,0
53,10,40,0
23,10,30,0
74,4,20,0
18,7,10,0
30,11,38,0
45,13,40,0
20,10,40,0
52,9,40,0
33,14,50,1
42,10,40,0
18,9,35,0
42,14,40,0
38,13,50,1
18,7,25,0
30,9,20,0
34,14,40,1
27,10,40,0
21,11,36,0
27,9,40,0
21,10,30,0
17,7,8,0
46,9,45,0
48,10,50,0
32,10,40,0
19,9,40,0
57,9,45,0
66,9,13,0
22,10,40,0
23,13,45,0
25,13,40,0
22,10,40,0
26,14,30,0
30,13,40,0
47,11,40,0
19,10,23,0
39,13,48,0
22,10,40,0
28,10,16,0
36,14,30,0
24,9,40,0
19,10,15,0
23,13,40,0
17,8,20,0
36,13,40,0
23,9,40,0
20,10,10,0
22,9,40,0
19,9,28,0
56,9,32,0
26,12,36,0
26,10,40,0
18,10,20,0
34,16,50,1
43,13,40,0
38,9,25,0
55,10,37,0
55,9,40,0
45,14,40,0
22,7,30,0
27,10,44,0
41,9,40,0
54,9,40,0
56,9,4,0
42,10,36,0
22,13,40,0
19,9,14,0
48,9,30,0
59,9,40,0
46,9,40,0
44,9,40,1
20,10,25,0
38,9,40,0
45,14,1,0
20,10,24,0
43,10,40,0
20,9,30,0
22,10,10,0
29,9,40,0
19,7,30,0
52,11,20,1
26,7,40,0
49,13,50,0
60,9,40,0
21,7,56,0
23,13,40,0
35,10,40,0
55,14,45,0
38,9,24,1
22,10,30,0
27,10,40,0
38,13,50,0
31,9,40,1
41,10,48,0
40,9,40,0
42,9,40,0
49,11,36,0
27,10,40,0
21,10,20,0
31,10,45,0
18,10,40,0
62,14,45,0
48,13,50,0
26,13,20,0
19,9,40,0
51,10,40,0
24,9,40,0
62,9,40,0
19,9,35,0
20,10,40,0
41,10,40,0
27,13,40,0
54,14,40,0
38,9,40,0
20,9,40,0
39,9,40,0
67,13,40,0
29,12,40,0
45,14,40,1
34,10,34,0
45,10,55,0
51,10,40,0
19,8,18,0
52,9,35,0
37,3,40,0
25,14,40,0
41,9,50,0
37,13,40,1
33,12,32,0
25,13,15,0
30,9,72,0
54,13,50,0
34,9,40,0
36,10,39,0
23,13,40,0
35,13,55,1
20,10,30,0
40,11,40,0
29,10,40,1
19,10,20,0
49,10,35,0
21,4,38,0
30,10,25,0
41,9,40,0
37,10,45,1
51,10,40,1
38,13,56,0
53,9,40,0
51,13,40,0
65,10,45,0
19,7,30,0
21,10,3,0
38,15,50,1
19,9,20,0
90,9,25,0
45,9,40,0
39,10,15,1
35,13,45,0
50,13,40,0
43,10,40,0
21,9,30,0
49,4,35,0
37,9,40,0
26,9,40,0
38,9,36,1
36,9,40,0
47,7,55,0
21,10,40,0
41,9,30,0
56,13,40,0
76,14,15,0
17,7,20,0
62,14,40,1
32,9,30,0
27,13,40,0
48,15,25,0
21,9,40,0
29,9,40,0
44,11,20,0
20,10,35,0
55,9,30,0
23,13,40,0
25,9,40,0
34,10,38,0
26,6,30,0
26,11,40,0
24,13,40,0
17,7,20,0
47,9,4,0
52,9,36,0
42,12,40,0
25,12,40,0
44,10,38,0
55,8,40,0
49,14,60,0
17,7,35,0
19,10,25,0
33,10,10,0
59,7,40,0
49,9,40,0
23,10,12,0
22,10,20,0
35,12,40,0
26,11,35,0
50,14,40,0
30,10,40,0
19,10,20,0
37,11,32,0
22,13,16,0
24,10,40,0
41,12,50,1
20,9,40,0
41,13,12,1
22,13,10,0
41,16,40,1
44,9,33,0
46,13,43,0
33,13,40,0
33,10,40,0
46,13,35,0
39,9,22,0
18,7,25,0
24,13,20,0
49,11,40,0
20,9,45,0
73,10,10,0
57,9,40,0
19,9,25,0
29,9,40,0
21,10,60,0
65,9,17,0
40,10,40,0
19,9,16,0
20,9,40,0
35,14,41,0
17,7,20,0
26,13,25,0
21,10,30,0
49,11,40,0
45,14,45,1
37,9,40,0
23,11,40,0
24,13,50,0
37,9,40,1
22,10,40,0
29,12,50,0
18,9,20,0
18,7,30,0
28,10,40,0
50,9,40,0
33,10,40,0
52,7,20,0
24,9,25,0
41,14,40,0
34,10,20,1
28,9,40,0
33,9,40,0
34,10,40,0
36,9,40,0
21,9,40,0
26,13,40,0
24,11,38,0
59,6,36,0
62,13,30,1
51,9,40,0
47,10,52,0
37,11,40,0
31,10,35,0
46,10,40,0
29,9,40,0
50,13,8,0
52,9,38,0
52,13,42,0
22,9,40,0
25,12,40,0
38,13,45,0
27,10,40,0
26,13,45,0
62,10,38,1
40,10,40,0
56,9,10,0
19,10,10,0
47,10,40,0
17,7,40,0
60,11,30,0
55,9,40,0
27,10,40,0
20,9,35,0
19,10,35,0
18,9,10,0
48,8,50,0
45,15,43,0
34,10,30,0
17,7,25,0
20,10,12,0
70,4,35,0
23,10,30,0
31,10,30,0
18,5,42,0
53,10,50,1
32,14,40,0
48,11,56,1
33,9,40,0
41,11,38,1
25,13,50,0
37,9,40,0
37,9,30,0
34,10,40,0
40,13,40,0
35,9,30,0
23,11,30,0
20,10,30,0
19,6,40,0
45,11,40,0
30,10,40,0
35,9,16,1
38,9,33,0
61,13,45,0
28,4,50,0
44,9,40,0
18,7,20,0
49,14,35,0
36,9,40,0
25,13,40,0
43,13,45,1
43,12,38,0
22,9,37,0
33,10,25,0
41,9,40,0
34,10,40,0
25,9,40,0
58,9,27,0
38,7,60,0
46,10,40,0
20,10,35,0
39,10,39,0
19,9,25,0
25,7,40,0
20,10,6,0
37,9,37,0
51,9,8,0
18,10,4,0
58,9,16,0
17,7,16,0
19,10,30,0
46,10,40,0
26,13,40,1
40,12,40,0
67,14,40,0
20,9,5,0
44,10,32,0
47,14,50,1
84,11,14,0
19,10,25,0
34,11,40,0
20,10,15,0
27,12,40,1
77,9,14,0
60,11,40,0
30,10,40,0
36,10,40,0
51,9,40,0
37,10,40,0
39,13,63,0
40,10,40,0
23,13,40,0
49,9,20,0
20,10,20,0
30,9,32,0
44,10,57,0
25,13,21,0
28,10,40,0
46,10,40,0
38,11,30,0
21,9,40,0
23,13,40,0
23,12,25,0
70,10,6,0
52,9,50,0
53,9,35,0
59,9,40,0
19,10,40,0
39,11,20,1
29,10,18,0
43,13,40,0
18,10,25,0
17,6,10,0
39,14,40,0
26,13,40,0
29,10,40,0
25,14,43,0
47,13,45,0
46,9,40,1
22,10,40,0
44,9,24,0
41,14,35,0
19,9,25,0
19,10,20,0
22,10,16,0
27,13,40,0
25,13,40,0
22,9,40,0
72,11,40,0
50,9,40,0
36,16,36,1
26,6,32,0
31,9,40,0
23,13,40,0
67,9,8,0
40,13,45,0
24,13,32,0
35,11,35,0
25,9,40,0
19,9,26,0
41,10,45,0
19,10,10,0
21,10,25,0
21,10,30,0
59,13,40,0
44,14,20,0
45,14,50,1
34,9,40,0
38,9,48,0
58,9,40,1
24,10,24,0
26,13,55,1
37,10,40,0
54,10,47,0
25,13,40,0
32,11,50,0
27,9,64,0
17,6,15,0
76,4,25,0
23,13,45,0
20,9,30,0
31,9,40,0
60,10,48,0
52,11,40,0
19,9,34,0
38,4,40,0
38,10,50,0
17,7,15,0
26,9,50,0
29,9,45,0
20,10,40,0
30,9,40,0
38,10,40,0
43,13,40,0
20,9,20,0
23,13,40,0
41,9,40,0
48,9,40,0
64,10,40,0
20,10,10,0
52,9,40,0
18,8,20,0
28,9,40,0
56,9,40,0
35,13,32,0
24,12,40,0
25,9,40,0
62,9,32,0
36,10,40,0
18,7,40,0
20,6,40,0
35,10,40,0
35,9,27,0
49,9,45,0
39,10,45,1
23,11,30,0
35,10,38,0
36,9,40,1
43,14,40,0
26,10,40,0
39,13,40,0
64,10,40,0
37,11,24,1
49,7,38,0
36,9,37,0
24,13,40,0
44,13,20,0
49,7,6,0
19,10,25,0
20,10,25,0
21,10,43,0
17,7,16,0
33,11,40,0
25,9,40,0
27,10,60,0
18,8,25,0
67,11,24,0
19,10,20,0
57,9,26,0
48,9,40,1
52,9,40,0
18,9,24,0
62,10,40,0
38,11,36,0
27,13,40,0
26,6,40,0
57,10,40,0
24,13,30,0
27,13,40,0
34,8,40,0
24,13,40,0
44,4,55,0
24,9,50,0
17,5,35,0
63,14,40,1
39,9,40,0
37,12,25,0
30,13,60,1
40,9,4,0
30,13,55,1
17,6,15,0
48,9,36,0
19,9,30,0
73,11,32,0
21,10,20,0
29,14,40,1
19,12,50,0
23,10,40,0
46,9,15,0
23,10,20,0
21,10,5,0
39,13,45,0
18,7,25,0
32,10,30,0
34,9,40,0
66,12,40,0
68,10,20,0
17,6,40,0
34,9,40,0
23,9,45,0
44,12,43,0
23,13,40,0
57,12,35,0
23,10,35,0
46,14,22,1
27,13,20,0
64,9,8,0
41,13,40,0
23,10,6,0
31,10,40,0
40,13,40,0
21,10,40,0
24,10,16,0
23,12,20,0
48,16,60,1
22,10,15,0
37,11,40,0
22,13,30,0
30,10,36,0
24,9,40,0
22,7,30,0
55,9,40,0
26,9,40,1
17,7,20,0
25,13,40,0
53,10,22,0
31,9,40,0
49,12,40,0
27,13,40,0
19,9,40,0
59,9,40,0
33,13,50,0
39,13,50,1
48,13,50,1
36,6,40,0
29,9,40,0
33,10,40,0
38,7,32,0
54,9,35,0
24,9,48,0
47,9,40,0
48,10,48,0
49,9,44,0
30,9,40,0
24,13,40,0
19,10,30,0
33,10,40,0
81,9,35,0
57,10,16,0
42,14,25,0
26,9,40,0
31,9,36,0
40,13,70,0
42,14,40,0
46,10,40,0
46,12,36,0
22,10,40,0
35,9,36,0
41,9,40,0
29,9,40,0
33,9,40,0
46,9,40,0
25,11,42,1
39,9,40,0
44,13,40,1
31,13,40,0
45,9,40,0
22,9,40,0
21,9,40,0
62,9,40,0
29,9,40,0
22,13,35,0
50,11,40,1
20,12,32,0
22,10,30,0
65,10,45,0
61,13,40,0
45,9,35,0
49,13,43,0
26,13,45,1
23,13,15,0
53,9,30,0
21,10,40,0
37,9,40,0
34,7,70,0
48,9,40,0
23,13,40,0
25,10,35,0
23,13,60,0
25,13,32,0
36,10,35,1
29,11,40,0
44,10,40,0
18,9,8,0
36,12,45,0
60,9,25,0
42,7,30,0
39,9,40,0
55,9,20,0
23,9,40,0
50,12,40,0
28,13,40,0
55,7,20,0
44,14,35,0
24,13,50,0
40,9,12,0
20,10,25,0
42,9,40,0
29,13,55,0
31,9,56,0
35,9,30,0
38,9,20,0
17,6,15,0
50,9,40,0
18,14,60,0
47,10,40,0
23,13,40,0
29,13,50,1
22,10,20,0
54,9,40,0
41,9,40,1
41,12,38,0
23,13,60,0
70,10,12,0
29,10,40,1
30,9,30,0
30,9,40,0
20,10,40,0
44,10,70,1
27,10,65,0
20,10,40,0
29,9,40,0
20,10,15,0
30,5,30,0
26,10,42,0
47,9,40,0
19,10,15,0
22,9,40,0
51,11,50,0
37,9,40,0
39,14,40,0
22,9,40,0
19,9,37,0
38,9,40,1
19,10,30,0
48,13,40,0
38,13,40,0
58,9,40,1
46,9,40,0
24,10,40,0
47,9,40,0
49,10,28,0
21,10,40,0
43,13,28,0
41,6,40,0
20,10,20,0
20,10,30,0
20,9,30,0
23,10,40,0
64,10,40,0
39,9,25,0
57,15,40,0
54,14,32,1
22,9,40,0
21,10,30,0
17,5,20,0
76,9,25,0
34,11,40,0
42,10,40,0
28,13,35,0
39,11,40,0
19,9,13,0
17,6,10,0
36,9,38,0
53,8,40,0
65,9,40,0
44,10,40,0
56,8,40,0
80,9,16,0
63,14,3,0
21,10,40,0
17,7,10,0
52,9,45,0
25,10,40,0
32,9,20,0
48,9,40,1
21,10,10,0
34,9,50,0
25,9,37,0
17,7,20,0
42,9,35,0
36,10,40,0
36,13,50,0
21,10,35,0
34,12,45,0
47,12,35,1
45,9,40,0
19,9,30,0
43,10,40,0
34,10,40,1
53,9,40,0
58,10,55,0
41,10,40,0
49,9,43,0
52,9,25,0
19,9,40,0
20,10,40,0
24,10,44,0
37,10,40,1
41,10,25,0
31,9,32,0
20,10,15,0
20,10,35,0
65,10,38,0
53,10,40,0
20,9,40,0
36,10,40,0
60,6,40,0
40,14,40,1
35,5,40,0
41,1,30,0
49,9,35,0
20,9,30,0
62,9,35,0
43,10,30,0
68,10,20,0
39,13,25,0
41,11,45,0
26,9,35,0
32,7,40,0
36,14,40,0
45,9,40,0
18,9,40,0
37,9,35,0
20,10,40,0
71,9,35,0
20,10,10,0
55,10,40,1
19,8,15,0
28,10,40,0
47,14,40,0
19,10,30,0
55,9,40,0
58,10,20,1
51,13,40,0
22,10,18,0
28,14,50,1
21,9,40,0
34,9,20,0
54,9,30,0
27,13,40,0
33,13,50,1
66,10,50,1
46,10,20,0
35,12,35,0
27,9,40,0
44,9,40,0
55,13,48,0
22,9,20,0
61,9,40,0
61,10,40,0
24,13,40,0
42,13,40,0
19,10,20,0
25,13,38,0
19,10,25,0
18,8,20,0
22,10,42,0
23,9,33,0
59,9,60,0
42,9,40,0
38,4,40,0
18,10,15,0
17,8,15,0
46,11,40,0
49,11,38,0
30,10,35,0
51,10,40,1
22,10,35,0
62,9,38,0
36,9,40,0
20,10,25,0
24,12,37,0
20,10,10,0
34,9,40,0
47,7,15,0
30,9,40,0
45,7,25,0
25,9,50,1
27,11,36,1
35,9,75,0
17,6,21,0
23,13,40,0
25,9,34,0
46,9,40,1
47,14,40,0
53,13,40,0
32,7,40,0
41,10,40,0
60,9,40,1
38,11,36,1
81,10,4,0
54,7,43,0
24,11,20,0
23,13,30,0
67,9,20,0
39,13,40,0
22,10,40,0
